random_id,participant_id,n
p09z5qk6x27,lynx,26
p0dapobkyam,dolphin,26
p0ncqkt89ht,elk,26
p0rhsmwrzdd,wombat,26
p2q02rm778m,horse,26
p35wkqwct3u,hedgehog,26
p5npy6pcy3q,frog,26
p5xaudz7qwz,deer,26
p6jr3lbn8z7,sheep,26
p6st0wyc3pc,crow,26
p8645ntz1nz,goat,26
p8my8vj8re7,bear,26
p97lbxy42mx,cheetah,26
pcvorlv6uv5,sloth,26
pdo26h1hbg4,manatee,26
pg7dc6gorgt,cub,26
pg9c1vrt9z9,owl,26
pgfdal26d32,parrot,26
pgnbw86ute2,mouse,26
ph9syul0y3h,lion,26
pjebaekqr9v,beaver,26
pk1dwlr68rx,badger,26
pkgdp9lotx5,butterfly,26
pkhdhamv056,lamb,26
pltgkvtgdxb,giraffe,26
plxr30ek62n,moose,26
pn78pbqco57,seal,26
ppq2r76pggh,gazelle,26
pqf2c09ge3o,ladybug,26
pqjqugmkws8,jaguar,26
pr3s8uyrb03,zebra,26
prfhaab2udy,rabbit,26
prfqr2th7ko,lemur,26
prfuy05u3yl,tiger,26
prr20aoqhqg,goose,26
pt19oukc0sm,hamster,26
pux451wsbyv,whale,26
pvalwg5b1ck,swan,26
pvwkxm87e6b,antelope,26
pw2ntcath4g,fox,26
